variant,n_simul,snr,norm_factor
nmsa,132,1.0,0.5
nmsa,132,1.5,0.5
nmsa,132,2.0,0.5
nmsa,132,2.5,0.5
nmsa,132,3.0,0.5
nmsa,132,3.5,0.5
nmsa,132,4.0,0.5
nmsa,132,1.0,0.5625
nmsa,132,1.5,0.5625
nmsa,132,2.0,0.5625
nmsa,132,2.5,0.5625
nmsa,132,3.0,0.5625
nmsa,132,3.5,0.5625
nmsa,132,4.0,0.5625
nmsa,132,1.0,0.625
nmsa,132,1.5,0.625
nmsa,132,2.0,0.625
nmsa,132,2.5,0.625
nmsa,132,3.0,0.625
nmsa,132,3.5,0.625
nmsa,132,4.0,0.625
nmsa,132,1.0,0.6875
nmsa,132,1.5,0.6875
nmsa,132,2.0,0.6875
nmsa,132,2.5,0.6875
nmsa,132,3.0,0.6875
nmsa,132,3.5,0.6875
nmsa,132,4.0,0.6875
nmsa,132,1.0,0.75
nmsa,132,1.5,0.75
nmsa,132,2.0,0.75
nmsa,132,2.5,0.75
nmsa,132,3.0,0.75
nmsa,132,3.5,0.75
nmsa,132,4.0,0.75
nmsa,132,1.0,0.8125
nmsa,132,1.5,0.8125
nmsa,132,2.0,0.8125
nmsa,132,2.5,0.8125
nmsa,132,3.0,0.8125
nmsa,132,3.5,0.8125
nmsa,132,4.0,0.8125
nmsa,132,1.0,0.875
nmsa,132,1.5,0.875
nmsa,132,2.0,0.875
nmsa,132,2.5,0.875
nmsa,132,3.0,0.875
nmsa,132,3.5,0.875
nmsa,132,4.0,0.875
nmsa,132,1.0,0.9375
nmsa,132,1.5,0.9375
nmsa,132,2.0,0.9375
nmsa,132,2.5,0.9375
nmsa,132,3.0,0.9375
nmsa,132,3.5,0.9375
nmsa,132,4.0,0.9375
nmsa,132,1.0,1.0
nmsa,132,1.5,1.0
nmsa,132,2.0,1.0
nmsa,132,2.5,1.0
nmsa,132,3.0,1.0
nmsa,132,3.5,1.0
nmsa,132,4.0,1.0
asced48,132,1.0,0.5
asced48,132,1.5,0.5
asced48,132,2.0,0.5
asced48,132,2.5,0.5
asced48,132,3.0,0.5
asced48,132,3.5,0.5
asced48,132,4.0,0.5
asced48,132,1.0,0.5625
asced48,132,1.5,0.5625
asced48,132,2.0,0.5625
asced48,132,2.5,0.5625
asced48,132,3.0,0.5625
asced48,132,3.5,0.5625
asced48,132,4.0,0.5625
asced48,132,1.0,0.625
asced48,132,1.5,0.625
asced48,132,2.0,0.625
asced48,132,2.5,0.625
asced48,132,3.0,0.625
asced48,132,3.5,0.625
asced48,132,4.0,0.625
asced48,132,1.0,0.6875
asced48,132,1.5,0.6875
asced48,132,2.0,0.6875
asced48,132,2.5,0.6875
asced48,132,3.0,0.6875
asced48,132,3.5,0.6875
asced48,132,4.0,0.6875
asced48,132,1.0,0.75
asced48,132,1.5,0.75
asced48,132,2.0,0.75
asced48,132,2.5,0.75
asced48,132,3.0,0.75
asced48,132,3.5,0.75
asced48,132,4.0,0.75
asced48,132,1.0,0.8125
asced48,132,1.5,0.8125
asced48,132,2.0,0.8125
asced48,132,2.5,0.8125
asced48,132,3.0,0.8125
asced48,132,3.5,0.8125
asced48,132,4.0,0.8125
asced48,132,1.0,0.875
asced48,132,1.5,0.875
asced48,132,2.0,0.875
asced48,132,2.5,0.875
asced48,132,3.0,0.875
asced48,132,3.5,0.875
asced48,132,4.0,0.875
asced48,132,1.0,0.9375
asced48,132,1.5,0.9375
asced48,132,2.0,0.9375
asced48,132,2.5,0.9375
asced48,132,3.0,0.9375
asced48,132,3.5,0.9375
asced48,132,4.0,0.9375
asced48,132,1.0,1.0
asced48,132,1.5,1.0
asced48,132,2.0,1.0
asced48,132,2.5,1.0
asced48,132,3.0,1.0
asced48,132,3.5,1.0
asced48,132,4.0,1.0
asced384,132,1.0,0.5
asced384,132,1.5,0.5
asced384,132,2.0,0.5
asced384,132,2.5,0.5
asced384,132,3.0,0.5
asced384,132,3.5,0.5
asced384,132,4.0,0.5
asced384,132,1.0,0.5625
asced384,132,1.5,0.5625
asced384,132,2.0,0.5625
asced384,132,2.5,0.5625
asced384,132,3.0,0.5625
asced384,132,3.5,0.5625
asced384,132,4.0,0.5625
asced384,132,1.0,0.625
asced384,132,1.5,0.625
asced384,132,2.0,0.625
asced384,132,2.5,0.625
asced384,132,3.0,0.625
asced384,132,3.5,0.625
asced384,132,4.0,0.625
asced384,132,1.0,0.6875
asced384,132,1.5,0.6875
asced384,132,2.0,0.6875
asced384,132,2.5,0.6875
asced384,132,3.0,0.6875
asced384,132,3.5,0.6875
asced384,132,4.0,0.6875
asced384,132,1.0,0.75
asced384,132,1.5,0.75
asced384,132,2.0,0.75
asced384,132,2.5,0.75
asced384,132,3.0,0.75
asced384,132,3.5,0.75
asced384,132,4.0,0.75
asced384,132,1.0,0.8125
asced384,132,1.5,0.8125
asced384,132,2.0,0.8125
asced384,132,2.5,0.8125
asced384,132,3.0,0.8125
asced384,132,3.5,0.8125
asced384,132,4.0,0.8125
asced384,132,1.0,0.875
asced384,132,1.5,0.875
asced384,132,2.0,0.875
asced384,132,2.5,0.875
asced384,132,3.0,0.875
asced384,132,3.5,0.875
asced384,132,4.0,0.875
asced384,132,1.0,0.9375
asced384,132,1.5,0.9375
asced384,132,2.0,0.9375
asced384,132,2.5,0.9375
asced384,132,3.0,0.9375
asced384,132,3.5,0.9375
asced384,132,4.0,0.9375
asced384,132,1.0,1.0
asced384,132,1.5,1.0
asced384,132,2.0,1.0
asced384,132,2.5,1.0
asced384,132,3.0,1.0
asced384,132,3.5,1.0
asced384,132,4.0,1.0
