ensemble_name,fixed_blocks,candidate_block,snr
asced48,21,0,1.8
asced48,21,0,3.3
asced48,21,1,1.8
asced48,21,1,3.3
asced48,21,2,1.8
asced48,21,2,3.3
asced48,21,3,1.8
asced48,21,3,3.3
asced48,21,4,1.8
asced48,21,4,3.3
asced48,21,5,1.8
asced48,21,5,3.3
asced48,21,6,1.8
asced48,21,6,3.3
asced48,21,7,1.8
asced48,21,7,3.3
asced48,21,8,1.8
asced48,21,8,3.3
asced48,21,9,1.8
asced48,21,9,3.3
asced48,21,10,1.8
asced48,21,10,3.3
asced48,21,11,1.8
asced48,21,11,3.3
asced48,21,12,1.8
asced48,21,12,3.3
asced48,21,13,1.8
asced48,21,13,3.3
asced48,21,14,1.8
asced48,21,14,3.3
asced48,21,15,1.8
asced48,21,15,3.3
asced48,21,16,1.8
asced48,21,16,3.3
asced48,21,17,1.8
asced48,21,17,3.3
asced48,21,18,1.8
asced48,21,18,3.3
asced48,21,19,1.8
asced48,21,19,3.3
asced48,21,20,1.8
asced48,21,20,3.3
asced48,21,22,1.8
asced48,21,22,3.3
asced48,21,23,1.8
asced48,21,23,3.3
asced48,21,24,1.8
asced48,21,24,3.3
asced48,21,25,1.8
asced48,21,25,3.3
asced48,21,26,1.8
asced48,21,26,3.3
asced48,21,27,1.8
asced48,21,27,3.3
asced48,21,28,1.8
asced48,21,28,3.3
asced48,21,29,1.8
asced48,21,29,3.3
asced48,21,30,1.8
asced48,21,30,3.3
asced48,21,31,1.8
asced48,21,31,3.3
asced48,21,32,1.8
asced48,21,32,3.3
asced48,21,33,1.8
asced48,21,33,3.3
