n_simul,fixed_blocks,candidate_block,snr
78,11-31,0,3.0
78,11-31,0,5.060546875
78,11-31,1,3.0
78,11-31,1,5.060546875
78,11-31,2,3.0
78,11-31,2,5.060546875
78,11-31,3,3.0
78,11-31,3,5.060546875
78,11-31,4,3.0
78,11-31,4,5.060546875
78,11-31,5,3.0
78,11-31,5,5.060546875
78,11-31,6,3.0
78,11-31,6,5.060546875
78,11-31,7,3.0
78,11-31,7,5.060546875
78,11-31,8,3.0
78,11-31,8,5.060546875
78,11-31,9,3.0
78,11-31,9,5.060546875
78,11-31,10,3.0
78,11-31,10,5.060546875
78,11-31,12,3.0
78,11-31,12,5.060546875
78,11-31,13,3.0
78,11-31,13,5.060546875
78,11-31,14,3.0
78,11-31,14,5.060546875
78,11-31,15,3.0
78,11-31,15,5.060546875
78,11-31,16,3.0
78,11-31,16,5.060546875
78,11-31,17,3.0
78,11-31,17,5.060546875
78,11-31,18,3.0
78,11-31,18,5.060546875
78,11-31,19,3.0
78,11-31,19,5.060546875
78,11-31,20,3.0
78,11-31,20,5.060546875
78,11-31,21,3.0
78,11-31,21,5.060546875
78,11-31,22,3.0
78,11-31,22,5.060546875
78,11-31,23,3.0
78,11-31,23,5.060546875
78,11-31,24,3.0
78,11-31,24,5.060546875
78,11-31,25,3.0
78,11-31,25,5.060546875
78,11-31,26,3.0
78,11-31,26,5.060546875
78,11-31,27,3.0
78,11-31,27,5.060546875
78,11-31,28,3.0
78,11-31,28,5.060546875
78,11-31,29,3.0
78,11-31,29,5.060546875
78,11-31,30,3.0
78,11-31,30,5.060546875
78,11-31,32,3.0
78,11-31,32,5.060546875
78,11-31,33,3.0
78,11-31,33,5.060546875
78,11-31,34,3.0
78,11-31,34,5.060546875
78,11-31,35,3.0
78,11-31,35,5.060546875
78,11-31,36,3.0
78,11-31,36,5.060546875
