variant,n_simul,snr,selector,members_per_group,target_num_converged
asced49,132,1.0,full_parallel,7,2
asced49,132,1.5,full_parallel,7,2
asced49,132,2.0,full_parallel,7,2
asced49,132,2.5,full_parallel,7,2
asced49,132,3.0,full_parallel,7,2
asced49,132,3.5,full_parallel,7,2
asced49,132,4.0,full_parallel,7,2
asced49,132,1.0,fixed_sequential,7,2
asced49,132,1.5,fixed_sequential,7,2
asced49,132,2.0,fixed_sequential,7,2
asced49,132,2.5,fixed_sequential,7,2
asced49,132,3.0,fixed_sequential,7,2
asced49,132,3.5,fixed_sequential,7,2
asced49,132,4.0,fixed_sequential,7,2
asced49,132,1.0,fixed_sequential,7,6
asced49,132,1.5,fixed_sequential,7,6
asced49,132,2.0,fixed_sequential,7,6
asced49,132,2.5,fixed_sequential,7,6
asced49,132,3.0,fixed_sequential,7,6
asced49,132,3.5,fixed_sequential,7,6
asced49,132,4.0,fixed_sequential,7,6
asced385,132,1.0,full_parallel,7,2
asced385,132,1.5,full_parallel,7,2
asced385,132,2.0,full_parallel,7,2
asced385,132,2.5,full_parallel,7,2
asced385,132,3.0,full_parallel,7,2
asced385,132,3.5,full_parallel,7,2
asced385,132,4.0,full_parallel,7,2
asced385,132,1.0,fixed_sequential,7,2
asced385,132,1.5,fixed_sequential,7,2
asced385,132,2.0,fixed_sequential,7,2
asced385,132,2.5,fixed_sequential,7,2
asced385,132,3.0,fixed_sequential,7,2
asced385,132,3.5,fixed_sequential,7,2
asced385,132,4.0,fixed_sequential,7,2
asced385,132,1.0,fixed_sequential,7,6
asced385,132,1.5,fixed_sequential,7,6
asced385,132,2.0,fixed_sequential,7,6
asced385,132,2.5,fixed_sequential,7,6
asced385,132,3.0,fixed_sequential,7,6
asced385,132,3.5,fixed_sequential,7,6
asced385,132,4.0,fixed_sequential,7,6
