decoder_variant,n_simul,snr_start,target_fer
2_split1_subsplit1,78,5.1,0.001
4_split1_subsplit2,78,5.1,0.001
6_split1_subsplit3,78,5.1,0.001
8_split1_subsplit4,78,5.1,0.001
10_split1_subsplit5,78,5.1,0.001
12_split1,78,5.1,0.001
24_split1,78,5.1,0.001
36_split1,78,5.1,0.001
48_split1,78,5.1,0.001
60_split1,78,5.1,0.001
72_split1,78,5.1,0.001
84_split1,78,5.1,0.001
96_split1,78,5.1,0.001
4_split2_subsplit1,78,5.1,0.001
8_split2_subsplit2,78,5.1,0.001
12_split2,78,5.1,0.001
24_split2,78,5.1,0.001
36_split2,78,5.1,0.001
48_split2,78,5.1,0.001
60_split2,78,5.1,0.001
72_split2,78,5.1,0.001
84_split2,78,5.1,0.001
96_split2,78,5.1,0.001
8_split3_subsplit1,78,5.1,0.001
16_split3,78,5.1,0.001
32_split3,78,5.1,0.001
48_split3,78,5.1,0.001
64_split3,78,5.1,0.001
80_split3,78,5.1,0.001
96_split3,78,5.1,0.001
112_split3,78,5.1,0.001
128_split3,78,5.1,0.001
64_nosplit,78,5.1,0.001
128_nosplit,78,5.1,0.001
192_nosplit,78,5.1,0.001
