variant,n_simul,snr,scheduling_config,max_iterations
nmsa,132,1.0,flooding,32
nmsa,132,1.5,flooding,32
nmsa,132,2.0,flooding,32
nmsa,132,2.5,flooding,32
nmsa,132,3.0,flooding,32
nmsa,132,3.5,flooding,32
nmsa,132,4.0,flooding,32
nmsa,132,1.0,flooding,16
nmsa,132,1.5,flooding,16
nmsa,132,2.0,flooding,16
nmsa,132,2.5,flooding,16
nmsa,132,3.0,flooding,16
nmsa,132,3.5,flooding,16
nmsa,132,4.0,flooding,16
nmsa,132,1.0,row_layered_natural,32
nmsa,132,1.5,row_layered_natural,32
nmsa,132,2.0,row_layered_natural,32
nmsa,132,2.5,row_layered_natural,32
nmsa,132,3.0,row_layered_natural,32
nmsa,132,3.5,row_layered_natural,32
nmsa,132,4.0,row_layered_natural,32
nmsa,132,1.0,row_layered_natural,16
nmsa,132,1.5,row_layered_natural,16
nmsa,132,2.0,row_layered_natural,16
nmsa,132,2.5,row_layered_natural,16
nmsa,132,3.0,row_layered_natural,16
nmsa,132,3.5,row_layered_natural,16
nmsa,132,4.0,row_layered_natural,16
nmsa,132,1.0,row_layered_appended_first,32
nmsa,132,1.5,row_layered_appended_first,32
nmsa,132,2.0,row_layered_appended_first,32
nmsa,132,2.5,row_layered_appended_first,32
nmsa,132,3.0,row_layered_appended_first,32
nmsa,132,3.5,row_layered_appended_first,32
nmsa,132,4.0,row_layered_appended_first,32
nmsa,132,1.0,row_layered_appended_first,16
nmsa,132,1.5,row_layered_appended_first,16
nmsa,132,2.0,row_layered_appended_first,16
nmsa,132,2.5,row_layered_appended_first,16
nmsa,132,3.0,row_layered_appended_first,16
nmsa,132,3.5,row_layered_appended_first,16
nmsa,132,4.0,row_layered_appended_first,16
asced48,132,1.0,flooding,32
asced48,132,1.5,flooding,32
asced48,132,2.0,flooding,32
asced48,132,2.5,flooding,32
asced48,132,3.0,flooding,32
asced48,132,3.5,flooding,32
asced48,132,4.0,flooding,32
asced48,132,1.0,flooding,16
asced48,132,1.5,flooding,16
asced48,132,2.0,flooding,16
asced48,132,2.5,flooding,16
asced48,132,3.0,flooding,16
asced48,132,3.5,flooding,16
asced48,132,4.0,flooding,16
asced48,132,1.0,row_layered_natural,32
asced48,132,1.5,row_layered_natural,32
asced48,132,2.0,row_layered_natural,32
asced48,132,2.5,row_layered_natural,32
asced48,132,3.0,row_layered_natural,32
asced48,132,3.5,row_layered_natural,32
asced48,132,4.0,row_layered_natural,32
asced48,132,1.0,row_layered_natural,16
asced48,132,1.5,row_layered_natural,16
asced48,132,2.0,row_layered_natural,16
asced48,132,2.5,row_layered_natural,16
asced48,132,3.0,row_layered_natural,16
asced48,132,3.5,row_layered_natural,16
asced48,132,4.0,row_layered_natural,16
asced48,132,1.0,row_layered_appended_first,32
asced48,132,1.5,row_layered_appended_first,32
asced48,132,2.0,row_layered_appended_first,32
asced48,132,2.5,row_layered_appended_first,32
asced48,132,3.0,row_layered_appended_first,32
asced48,132,3.5,row_layered_appended_first,32
asced48,132,4.0,row_layered_appended_first,32
asced48,132,1.0,row_layered_appended_first,16
asced48,132,1.5,row_layered_appended_first,16
asced48,132,2.0,row_layered_appended_first,16
asced48,132,2.5,row_layered_appended_first,16
asced48,132,3.0,row_layered_appended_first,16
asced48,132,3.5,row_layered_appended_first,16
asced48,132,4.0,row_layered_appended_first,16
asced384,132,1.0,flooding,32
asced384,132,1.5,flooding,32
asced384,132,2.0,flooding,32
asced384,132,2.5,flooding,32
asced384,132,3.0,flooding,32
asced384,132,3.5,flooding,32
asced384,132,4.0,flooding,32
asced384,132,1.0,flooding,16
asced384,132,1.5,flooding,16
asced384,132,2.0,flooding,16
asced384,132,2.5,flooding,16
asced384,132,3.0,flooding,16
asced384,132,3.5,flooding,16
asced384,132,4.0,flooding,16
asced384,132,1.0,row_layered_natural,32
asced384,132,1.5,row_layered_natural,32
asced384,132,2.0,row_layered_natural,32
asced384,132,2.5,row_layered_natural,32
asced384,132,3.0,row_layered_natural,32
asced384,132,3.5,row_layered_natural,32
asced384,132,4.0,row_layered_natural,32
asced384,132,1.0,row_layered_natural,16
asced384,132,1.5,row_layered_natural,16
asced384,132,2.0,row_layered_natural,16
asced384,132,2.5,row_layered_natural,16
asced384,132,3.0,row_layered_natural,16
asced384,132,3.5,row_layered_natural,16
asced384,132,4.0,row_layered_natural,16
asced384,132,1.0,row_layered_appended_first,32
asced384,132,1.5,row_layered_appended_first,32
asced384,132,2.0,row_layered_appended_first,32
asced384,132,2.5,row_layered_appended_first,32
asced384,132,3.0,row_layered_appended_first,32
asced384,132,3.5,row_layered_appended_first,32
asced384,132,4.0,row_layered_appended_first,32
asced384,132,1.0,row_layered_appended_first,16
asced384,132,1.5,row_layered_appended_first,16
asced384,132,2.0,row_layered_appended_first,16
asced384,132,2.5,row_layered_appended_first,16
asced384,132,3.0,row_layered_appended_first,16
asced384,132,3.5,row_layered_appended_first,16
asced384,132,4.0,row_layered_appended_first,16
