variant,n_simul,snr,selector,members_per_group,target_fraction_converged
asced48,110,1.0,full_parallel,8,0.5
asced48,110,1.5,full_parallel,8,0.5
asced48,110,2.0,full_parallel,8,0.5
asced48,110,2.5,full_parallel,8,0.5
asced48,110,3.0,full_parallel,8,0.5
asced48,110,3.5,full_parallel,8,0.5
asced48,110,4.0,full_parallel,8,0.5
asced48,110,1.0,fixed_sequential,8,0.5
asced48,110,1.5,fixed_sequential,8,0.5
asced48,110,2.0,fixed_sequential,8,0.5
asced48,110,2.5,fixed_sequential,8,0.5
asced48,110,3.0,fixed_sequential,8,0.5
asced48,110,3.5,fixed_sequential,8,0.5
asced48,110,4.0,fixed_sequential,8,0.5
asced48,110,1.0,syndrome_sequential,8,0.5
asced48,110,1.5,syndrome_sequential,8,0.5
asced48,110,2.0,syndrome_sequential,8,0.5
asced48,110,2.5,syndrome_sequential,8,0.5
asced48,110,3.0,syndrome_sequential,8,0.5
asced48,110,3.5,syndrome_sequential,8,0.5
asced48,110,4.0,syndrome_sequential,8,0.5
asced384,110,1.0,full_parallel,8,0.5
asced384,110,1.5,full_parallel,8,0.5
asced384,110,2.0,full_parallel,8,0.5
asced384,110,2.5,full_parallel,8,0.5
asced384,110,3.0,full_parallel,8,0.5
asced384,110,3.5,full_parallel,8,0.5
asced384,110,4.0,full_parallel,8,0.5
asced384,110,1.0,fixed_sequential,8,0.5
asced384,110,1.5,fixed_sequential,8,0.5
asced384,110,2.0,fixed_sequential,8,0.5
asced384,110,2.5,fixed_sequential,8,0.5
asced384,110,3.0,fixed_sequential,8,0.5
asced384,110,3.5,fixed_sequential,8,0.5
asced384,110,4.0,fixed_sequential,8,0.5
asced384,110,1.0,syndrome_sequential,8,0.5
asced384,110,1.5,syndrome_sequential,8,0.5
asced384,110,2.0,syndrome_sequential,8,0.5
asced384,110,2.5,syndrome_sequential,8,0.5
asced384,110,3.0,syndrome_sequential,8,0.5
asced384,110,3.5,syndrome_sequential,8,0.5
asced384,110,4.0,syndrome_sequential,8,0.5
