variant,norm_factor,snr_db,fer,frame_errors,trials,average_ensemble_effort
asced384,0.5,1,0.6297709923664122,330,524,12633.475190839694
asced384,0.5,1.5,0.40070921985815605,339,846,12600.505910165484
asced384,0.5,2,0.2271523178807947,343,1510,12560.764238410597
asced384,0.5,2.5,0.11017770597738287,341,3095,12523.888852988692
asced384,0.5,3,0.033490011750881316,342,10212,12487.335683509596
asced384,0.5,3.5,0.010324760653275766,330,31962,12465.919279143984
asced384,0.5,4,0.0029377557613611887,341,116075,12451.448632349773
asced384,0.5625,1,0.4484605087014726,335,747,12605.639892904954
asced384,0.5625,1.5,0.23554301833568406,334,1418,12565.206629055006
asced384,0.5625,2,0.09811546515106193,328,3343,12521.457971881544
asced384,0.5625,2.5,0.02960466387320095,325,10978,12487.69557296411
asced384,0.5625,3,0.00680530055081025,341,50108,12465.229524227669
asced384,0.5625,3.5,0.0011481824553494385,326,283927,12451.971968146741
asced384,0.5625,4,0.00016123582281775525,324,2009479,12443.761710871326
asced384,0.625,1,0.31735985533453887,351,1106,12579.697106690777
asced384,0.625,1.5,0.1377467105263158,335,2432,12535.256578947368
asced384,0.625,2,0.05113468906572355,347,6786,12497.530356616564
asced384,0.625,2.5,0.012602870432950344,317,25153,12471.07462330537
asced384,0.625,3,0.002053691275167785,306,149000,12454.6942147651
asced384,0.625,3.5,0.00021808190172595323,337,1545291,12445.320170116825
asced384,0.625,4,1.1249528925976224e-05,36,3200134,12439.481824198612
asced384,0.6875,1,0.24564063684609552,324,1319,12556.32373009856
asced384,0.6875,1.5,0.10481770833333333,322,3072,12517.97265625
asced384,0.6875,2,0.032842934106920844,317,9652,12482.968503937007
asced384,0.6875,2.5,0.00843633509907789,344,40776,12459.88723759074
asced384,0.6875,3,0.0011763163453344307,323,274586,12446.310944476412
asced384,0.6875,3.5,0.00011738138684452707,319,2717637,12438.556553726638
asced384,0.6875,4,8.76109373494187e-06,28,3195948,12433.791011305566
asced384,0.75,1,0.22427440633245382,340,1516,12548.199208443271
asced384,0.75,1.5,0.11130078525093888,326,2929,12509.155684533971
asced384,0.75,2,0.03316942333482342,371,11185,12474.294501564595
asced384,0.75,2.5,0.006849870298313878,338,49344,12451.822673476005
asced384,0.75,3,0.0008839996071112857,324,366516,12438.645450676097
asced384,0.75,3.5,8.970788050910316e-05,287,3199273,12431.661420578988
asced384,0.75,4,8.117164399740376e-06,26,3203089,12427.593319448819
asced384,0.8125,1,0.22288755821689954,335,1503,12544.548236859615
asced384,0.8125,1.5,0.10648293141246477,340,3193,12507.33041027247
asced384,0.8125,2,0.03294958316792378,332,10076,12473.305379118698
asced384,0.8125,2.5,0.0069359105205057175,333,48011,12449.250963320907
asced384,0.8125,3,0.0010940573083660602,346,316254,12436.558535228012
asced384,0.8125,3.5,0.00010703326409088144,336,3139211,12429.769529986994
asced384,0.8125,4,9.998197200067363e-06,32,3200577,12426.382927203438
asced384,0.875,1,0.25146627565982405,343,1364,12555.889296187683
asced384,0.875,1.5,0.11830065359477124,362,3060,12514.707189542483
asced384,0.875,2,0.03671370485529778,307,8362,12479.384596986367
asced384,0.875,2.5,0.008722725401399753,339,38864,12453.948126801153
asced384,0.875,3,0.0015537979126690692,332,213670,12439.927224224271
asced384,0.875,3.5,0.00013809555795403296,331,2396891,12432.577535232098
asced384,0.875,4,1.3125020507844543e-05,42,3199995,12428.968788076232
asced384,0.9375,1,0.28956521739130436,333,1150,12568.408695652173
asced384,0.9375,1.5,0.1593011305241521,310,1946,12529.645940390545
asced384,0.9375,2,0.05237062286953827,338,6454,12490.65215370313
asced384,0.9375,2.5,0.013053946279437213,347,26582,12461.810623730344
asced384,0.9375,3,0.0023452787137700354,332,141561,12445.623286074555
asced384,0.9375,3.5,0.00028871872440799044,318,1101418,12436.950948686148
asced384,0.9375,4,2.1552370385918618e-05,69,3201504,12432.446559492038
asced384,1,1,0.37276785714285715,334,896,12588.318080357143
asced384,1,1.5,0.1854419410745234,321,1731,12542.853264009244
asced384,1,2,0.0738355870358446,344,4659,12502.456965013951
asced384,1,2.5,0.02243795808152244,349,15554,12471.976661951909
asced384,1,3,0.004350120336169063,338,77699,12451.669789829984
asced384,1,3.5,0.0005690436976784644,350,615067,12441.027005188052
asced384,1,4,5.2464733861707335e-05,168,3202151,12435.355305855346
asced48,0.5,1,0.7695852534562212,334,434,1554.188940092166
asced48,0.5,1.5,0.5263157894736842,340,646,1508.8684210526317
asced48,0.5,2,0.33401430030643514,327,979,1467.338100102145
asced48,0.5,2.5,0.17288135593220338,357,2065,1415.3438256658596
asced48,0.5,3,0.07120017053933063,334,4691,1367.8691110637392
asced48,0.5,3.5,0.023796270526022824,342,14372,1333.9670887837462
asced48,0.5,4,0.007675782124155216,343,44686,1312.2850333437766
asced48,0.5625,1,0.5686274509803921,348,612,1517.3725490196077
asced48,0.5625,1.5,0.3561924257932446,348,977,1471.9611054247698
asced48,0.5625,2,0.16817269076305222,335,1992,1416.699297188755
asced48,0.5625,2.5,0.06746532156368222,321,4758,1369.19588062211
asced48,0.5625,3,0.01808687396154759,381,21065,1334.697175409447
asced48,0.5625,3.5,0.0037077355867168216,344,92779,1313.5975597926256
asced48,0.5625,4,0.0006975629820923497,329,471642,1301.2587131765194
asced48,0.625,1,0.43031784841075793,352,818,1495.5330073349633
asced48,0.625,1.5,0.2521551724137931,351,1392,1436.753591954023
asced48,0.625,2,0.09698403311649911,328,3382,1385.2220579538734
asced48,0.625,2.5,0.031917925334853235,336,10527,1346.620594661347
asced48,0.625,3,0.006676099563562446,335,50179,1320.7313816536798
asced48,0.625,3.5,0.0010344450940959528,322,311278,1305.7532334440596
asced48,0.625,4,0.00010914099844140139,335,3069424,1296.7455946131913
asced48,0.6875,1,0.3607800650054171,333,923,1469.8840736728062
asced48,0.6875,1.5,0.1956521739130435,333,1702,1421.9800235017626
asced48,0.6875,2,0.07749326145552561,345,4452,1373.3611859838275
asced48,0.6875,2.5,0.022477349747562072,325,14459,1336.2406805449893
asced48,0.6875,3,0.0041756678434058695,317,75916,1314.4747220612255
asced48,0.6875,3.5,0.0006411045762748306,328,511617,1301.8576962845254
asced48,0.6875,4,5.52750856763828e-05,177,3202166,1294.2881443373017
asced48,0.75,1,0.3734806629834254,338,905,1469.960220994475
asced48,0.75,1.5,0.17849794238683128,347,1944,1415.4053497942386
asced48,0.75,2,0.0741703318672531,371,5002,1369.2089164334266
asced48,0.75,2.5,0.018909963436928703,331,17504,1332.1884712065814
asced48,0.75,3,0.0038313753202013955,347,90568,1311.5381812560727
asced48,0.75,3.5,0.0004849788813741656,330,680442,1299.7513630845833
asced48,0.75,4,4.277700845080098e-05,137,3202655,1292.7184820094578
asced48,0.8125,1,0.4043035107587769,357,883,1479.4677236693092
asced48,0.8125,1.5,0.19126589275843006,346,1809,1416.7844112769485
asced48,0.8125,2,0.07438551099611902,345,4638,1367.307675722294
asced48,0.8125,2.5,0.02199638965033095,329,14957,1333.2271845958414
asced48,0.8125,3,0.0040007186919805955,334,83485,1310.8723004132478
asced48,0.8125,3.5,0.0005792104809515601,336,580100,1298.915680055163
asced48,0.8125,4,5.270327246781046e-05,169,3206632,1291.9629361897466
asced48,0.875,1,0.3549738219895288,339,955,1474.2795811518324
asced48,0.875,1.5,0.199288256227758,336,1686,1422.6221826809015
asced48,0.875,2,0.08692247454972592,333,3831,1374.3748368572174
asced48,0.875,2.5,0.025107656375447047,344,13701,1336.369972994672
asced48,0.875,3,0.005351932468910421,343,64089,1312.3763048261012
asced48,0.875,3.5,0.0007167987513280923,338,471541,1299.260598760235
asced48,0.875,4,7.402308270845775e-05,237,3201704,1291.8728876873065
asced48,0.9375,1,0.44078144078144077,361,819,1489.4456654456656
asced48,0.9375,1.5,0.2533632286995516,339,1338,1436.9947683109117
asced48,0.9375,2,0.10385942893002824,331,3187,1384.0655789143395
asced48,0.9375,2.5,0.03585700399611189,332,9259,1343.3107247002915
asced48,0.9375,3,0.007962053193291546,329,41321,1315.7839597299194
asced48,0.9375,3.5,0.0012685295929832192,315,248319,1300.6585521043496
asced48,0.9375,4,0.0001343052583687474,338,2516655,1292.2851395999849
asced48,1,1,0.49647390691114246,352,709,1501.3102961918194
asced48,1,1.5,0.29302736098852605,332,1133,1451.8693733451014
asced48,1,2,0.15204957102001906,319,2098,1403.4313632030505
asced48,1,2.5,0.04704644521268601,313,6653,1352.1751089733955
asced48,1,3,0.013762295821676745,305,22162,1321.1563487049905
asced48,1,3.5,0.002720608239766469,370,135999,1303.2626784020472
asced48,1,4,0.00034611506564269113,334,964997,1293.187068975344
nmsa,0.5,1,0.850609756097561,279,328,
nmsa,0.5,1.5,0.7527352297592997,344,457,
nmsa,0.5,2,0.533203125,273,512,
nmsa,0.5,2.5,0.32875368007850836,335,1019,
nmsa,0.5,3,0.18391451068616424,327,1778,
nmsa,0.5,3.5,0.08166089965397924,354,4335,
nmsa,0.5,4,0.0305136463807425,360,11798,
nmsa,0.5625,1,0.671559633027523,366,545,
nmsa,0.5625,1.5,0.5375375375375375,358,666,
nmsa,0.5625,2,0.3333333333333333,420,1260,
nmsa,0.5625,2.5,0.16271018793273986,329,2022,
nmsa,0.5625,3,0.06568208317139526,338,5146,
nmsa,0.5625,3.5,0.020531479436034047,316,15391,
nmsa,0.5625,4,0.005707820389415202,338,59217,
nmsa,0.625,1,0.5947712418300654,364,612,
nmsa,0.625,1.5,0.443217665615142,281,634,
nmsa,0.625,2,0.24393939393939393,322,1320,
nmsa,0.625,2.5,0.09127954360228199,336,3681,
nmsa,0.625,3,0.030645013303972842,334,10899,
nmsa,0.625,3.5,0.007595302470537244,368,48451,
nmsa,0.625,4,0.0015964544414792223,335,209840,
nmsa,0.6875,1,0.5409836065573771,330,610,
nmsa,0.6875,1.5,0.3934040047114252,334,849,
nmsa,0.6875,2,0.18754055807916936,289,1541,
nmsa,0.6875,2.5,0.07641423357664233,335,4384,
nmsa,0.6875,3,0.02326934264107039,360,15471,
nmsa,0.6875,3.5,0.005383929295386362,332,61665,
nmsa,0.6875,4,0.0009950127276167919,326,327634,
nmsa,0.75,1,0.5549915397631133,328,591,
nmsa,0.75,1.5,0.3495670995670996,323,924,
nmsa,0.75,2,0.16835016835016836,350,2079,
nmsa,0.75,2.5,0.06590370955011839,334,5068,
nmsa,0.75,3,0.02106384237619076,356,16901,
nmsa,0.75,3.5,0.004707028079857166,319,67771,
nmsa,0.75,4,0.0006825766533581721,325,476137,
nmsa,0.8125,1,0.5788561525129983,334,577,
nmsa,0.8125,1.5,0.3415948275862069,317,928,
nmsa,0.8125,2,0.1846793349168646,311,1684,
nmsa,0.8125,2.5,0.0814498933901919,382,4690,
nmsa,0.8125,3,0.02297624128610044,323,14058,
nmsa,0.8125,3.5,0.004844558045532902,326,67292,
nmsa,0.8125,4,0.000904786766974393,305,337096,
nmsa,0.875,1,0.6089743589743589,285,468,
nmsa,0.875,1.5,0.4028950542822678,334,829,
nmsa,0.875,2,0.21378430121250797,335,1567,
nmsa,0.875,2.5,0.08771929824561403,310,3534,
nmsa,0.875,3,0.028487947406866325,351,12321,
nmsa,0.875,3.5,0.0069424919436814675,321,46237,
nmsa,0.875,4,0.0012378906046705278,333,269006,
nmsa,0.9375,1,0.6266968325791855,277,442,
nmsa,0.9375,1.5,0.4368556701030928,339,776,
nmsa,0.9375,2,0.29365768896611644,338,1151,
nmsa,0.9375,2.5,0.11421399435205522,364,3187,
nmsa,0.9375,3,0.037569287620611784,366,9742,
nmsa,0.9375,3.5,0.010304405369635092,327,31734,
nmsa,0.9375,4,0.002042073761112578,348,170415,
nmsa,1,1,0.6966580976863753,271,389,
nmsa,1,1.5,0.5098335854765507,337,661,
nmsa,1,2,0.3138888888888889,339,1080,
nmsa,1,2.5,0.16379310344827586,285,1740,
nmsa,1,3,0.057692307692307696,324,5616,
nmsa,1,3.5,0.018755615453728662,334,17808,
nmsa,1,4,0.004247661949762523,347,81692,
