source,variant,selector,members_per_group,target_num_converged,snr_db,fer,frame_errors,trials,average_ensemble_effort,average_ensemble_latency
baseline,asced384,fixed_sequential,8,2,1,0.250901225666907,348,1387,5752.177361211247,707.88752703677
baseline,asced384,fixed_sequential,8,2,1.5,0.10186915887850467,327,3210,3903.505919003115,473.29595015576325
baseline,asced384,fixed_sequential,8,2,2,0.03194081024993233,354,11083,2753.598303708382,326.9874582694216
baseline,asced384,fixed_sequential,8,2,2.5,0.007971656333038087,324,40644,2282.15306072237,266.398459797264
baseline,asced384,fixed_sequential,8,2,3,0.001559509141087837,343,219941,2119.9593800155494,245.08309501184408
baseline,asced384,fixed_sequential,8,2,3.5,0.00043344565767948056,350,807483,2090.195706906523,240.67002401288943
baseline,asced384,fixed_sequential,8,2,4,0.0002749525116645366,361,1312954,2094.2312038350165,240.66519619118415
baseline,asced384,fixed_sequential,8,6,1,0.22141440846001323,335,1513,9894.53271645737,1234.2941176470588
baseline,asced384,fixed_sequential,8,6,1.5,0.09394453876627051,332,3534,9026.325410299944,1124.2484436898699
baseline,asced384,fixed_sequential,8,6,2,0.030467995434190886,347,11389,8365.1491790324,1040.4362103784354
baseline,asced384,fixed_sequential,8,6,2.5,0.006745968385757624,338,50104,7945.423898291554,987.1778899888233
baseline,asced384,fixed_sequential,8,6,3,0.0009582110315488096,332,346479,7772.362547225084,965.0571001417113
baseline,asced384,fixed_sequential,8,6,3.5,9.37671124980309e-05,300,3199416,7728.596680456683,959.3451082947638
baseline,asced384,fixed_sequential,8,6,4,4.999043932847843e-06,16,3200612,7743.20515576396,960.9950112665953
baseline,asced384,full_parallel,,-,1,0.23060498220640568,324,1405,12546.94306049822,33.0
baseline,asced384,full_parallel,,-,1.5,0.10072376357056695,334,3316,12508.857961399277,33.0
baseline,asced384,full_parallel,,-,2,0.03222548659566654,351,10892,12474.538101358796,33.0
baseline,asced384,full_parallel,,-,2.5,0.0062524423602969914,320,51180,12451.627667057444,33.0
baseline,asced384,full_parallel,,-,3,0.000967414065465767,316,326644,12438.730694578808,33.0
baseline,asced384,full_parallel,,-,3.5,0.00010062364718402686,321,3190105,12431.652154396172,33.0
baseline,asced384,full_parallel,,-,4,1.0927596865340784e-05,35,3202900,12427.595792875207,33.0
baseline,asced384,syndrome_sequential,8,2,1,0.22422680412371135,348,1552,5247.343427835051,643.9864690721649
baseline,asced384,syndrome_sequential,8,2,1.5,0.10340632603406326,340,3288,3841.5325425790757,465.4832725060827
baseline,asced384,syndrome_sequential,8,2,2,0.03165106629354434,328,10363,2780.6799189423914,330.16279069767444
baseline,asced384,syndrome_sequential,8,2,2.5,0.009352747369539803,352,37636,2330.8350515463917,272.3640397491763
baseline,asced384,syndrome_sequential,8,2,3,0.0028383384505920295,367,129301,2198.6847820202474,254.8744943967951
baseline,asced384,syndrome_sequential,8,2,3.5,0.0019057945095233837,341,178928,2160.7586738799964,249.48643029598497
baseline,asced384,syndrome_sequential,8,2,4,0.0015007932764461215,350,233210,2162.8031516658807,249.27907036576477
baseline,asced384,syndrome_sequential,8,6,1,0.23402824478816409,348,1487,10034.58507061197,1252.0786819098857
baseline,asced384,syndrome_sequential,8,6,1.5,0.09960045662100457,349,3504,9079.753139269407,1131.1906392694063
baseline,asced384,syndrome_sequential,8,6,2,0.031672877034712686,323,10198,8341.32271033536,1037.5102961364973
baseline,asced384,syndrome_sequential,8,6,2.5,0.006620789278333969,330,49843,7944.67018437895,987.0818770940754
baseline,asced384,syndrome_sequential,8,6,3,0.0009973697413832425,328,328865,7797.348018183753,968.1762273273227
baseline,asced384,syndrome_sequential,8,6,3.5,8.692356854392392e-05,278,3198212,7773.350857604187,964.9128209762205
baseline,asced384,syndrome_sequential,8,6,4,9.996947806872714e-06,32,3200977,7799.027212941549,967.9547713088848
baseline,asced48,fixed_sequential,8,2,1,0.36615384615384616,357,975,863.1179487179487,99.14153846153846
baseline,asced48,fixed_sequential,8,2,1.5,0.1860215053763441,346,1860,572.5413978494623,58.81666666666667
baseline,asced48,fixed_sequential,8,2,2,0.06616943966341557,346,5229,373.17402945113787,30.54025626314783
baseline,asced48,fixed_sequential,8,2,2.5,0.019822243012513157,339,17102,268.85264881300435,14.957314933925856
baseline,asced48,fixed_sequential,8,2,3,0.004014181152790485,351,87440,223.5330626715462,7.7420288197621225
baseline,asced48,fixed_sequential,8,2,3.5,0.0004763338407631518,337,707487,209.94806264991442,5.104749627908357
baseline,asced48,fixed_sequential,8,2,4,5.1833630283829716e-05,166,3202554,206.25171534968652,4.054669491911768
baseline,asced48,fixed_sequential,8,6,1,0.3760775862068966,349,928,1242.5,153.94504310344828
baseline,asced48,fixed_sequential,8,6,1.5,0.1782178217821782,342,1919,1097.8181344450234,135.08598228243878
baseline,asced48,fixed_sequential,8,6,2,0.07045502201719438,336,4769,977.6965820926819,119.31516041098763
baseline,asced48,fixed_sequential,8,6,2.5,0.01866497943688706,354,18966,903.280291047137,109.51428872719603
baseline,asced48,fixed_sequential,8,6,3,0.003753889164449655,333,88708,870.8799319114398,105.26465482256391
baseline,asced48,fixed_sequential,8,6,3.5,0.0005066509175178302,338,667126,856.5617124801012,103.37897638527055
baseline,asced48,fixed_sequential,8,6,4,4.400083008658177e-05,141,3204485,850.8280946860416,102.62193394570423
baseline,asced48,full_parallel,,-,1,0.4068801897983393,343,843,1482.791221826809,33.0
baseline,asced48,full_parallel,,-,1.5,0.2034525277435265,330,1622,1416.650431565968,33.0
baseline,asced48,full_parallel,,-,2,0.07162987317989666,305,4258,1367.7590418036636,33.0
baseline,asced48,full_parallel,,-,2.5,0.02008531816565944,339,16878,1333.2089702571395,33.0
baseline,asced48,full_parallel,,-,3,0.003842989643086563,341,88733,1311.4981799330576,33.0
baseline,asced48,full_parallel,,-,3.5,0.00047671337814806497,346,725803,1299.7329619745303,33.0
baseline,asced48,full_parallel,,-,4,4.0588559084297126e-05,130,3202873,1292.723190085901,33.0
baseline,asced48,syndrome_sequential,8,2,1,0.3729281767955801,405,1086,858.9594843462247,98.8646408839779
baseline,asced48,syndrome_sequential,8,2,1.5,0.16245666171371967,328,2019,583.9697870232789,60.46755819712729
baseline,asced48,syndrome_sequential,8,2,2,0.07061688311688312,348,4928,425.9117288961039,37.98011363636363
baseline,asced48,syndrome_sequential,8,2,2.5,0.019931354248208587,331,16607,320.0333594267478,22.406997049436985
baseline,asced48,syndrome_sequential,8,2,3,0.0034371754932502594,331,96300,280.64808930425755,16.130404984423677
baseline,asced48,syndrome_sequential,8,2,3.5,0.0005092333260806163,330,648033,268.17110394069437,13.760853228153504
baseline,asced48,syndrome_sequential,8,2,4,4.68545304270197e-05,150,3201398,264.5649966046084,12.800203536080176
baseline,asced48,syndrome_sequential,8,6,1,0.35161290322580646,327,930,1190.7720430107527,147.0763440860215
baseline,asced48,syndrome_sequential,8,6,1.5,0.1936205931729155,346,1787,1056.5780637940682,129.5735870173475
baseline,asced48,syndrome_sequential,8,6,2,0.07114308553157474,356,5004,915.0561550759393,110.79456434852118
baseline,asced48,syndrome_sequential,8,6,2.5,0.019129805081165893,317,16571,828.7001991430812,99.2004707018285
baseline,asced48,syndrome_sequential,8,6,3,0.003648290942571067,317,86890,790.8962251122108,93.99422258027391
baseline,asced48,syndrome_sequential,8,6,3.5,0.0004896628321641384,343,700482,774.9325864190657,91.74830473873705
baseline,asced48,syndrome_sequential,8,6,4,4.560333841425323e-05,146,3201520,769.1334581698693,90.87646774032335
greedy,asced384,fixed_sequential,8,2,1,0.23229461756373937,328,1412,5325.301699716714,653.8781869688386
greedy,asced384,fixed_sequential,8,2,1.5,0.09408754974417283,331,3518,3623.4610574189883,437.73934053439456
greedy,asced384,fixed_sequential,8,2,2,0.030198204936424833,323,10696,2639.7443904263278,312.35798429319374
greedy,asced384,fixed_sequential,8,2,2.5,0.0070327236939227425,343,48772,2213.0760067251704,257.59612072500613
greedy,asced384,fixed_sequential,8,2,3,0.0017681464111479475,328,185505,2081.7641950351745,240.29132368399775
greedy,asced384,fixed_sequential,8,2,3.5,0.000926388195484551,334,360540,2054.3412769734286,236.291618128363
greedy,asced384,fixed_sequential,8,2,4,0.0006795346169860087,346,509172,2058.0642120933594,236.33134775675018
greedy,asced384,fixed_sequential,8,6,1,0.2220795892169448,346,1558,9911.473042362002,1236.4627727856225
greedy,asced384,fixed_sequential,8,6,1.5,0.08941305540318156,326,3646,8984.091332967635,1118.8867251782776
greedy,asced384,fixed_sequential,8,6,2,0.027128681177976954,339,12496,8256.012644046095,1026.640204865557
greedy,asced384,fixed_sequential,8,6,2.5,0.0054576424375152085,314,57534,7841.168005005736,973.7877428998505
greedy,asced384,fixed_sequential,8,6,3,0.0007971098627274107,357,447868,7644.955343985282,948.772973286772
greedy,asced384,fixed_sequential,8,6,3.5,6.846469332037819e-05,219,3198729,7566.205467859265,938.6718359073244
greedy,asced384,fixed_sequential,8,6,4,4.068079625461297e-06,13,3195611,7532.223205828243,934.2552413294359
greedy,asced384,full_parallel,,-,1,0.19471018570624649,346,1777,12543.774338773213,33.0
greedy,asced384,full_parallel,,-,1.5,0.09864603481624758,357,3619,12506.738325504282,33.0
greedy,asced384,full_parallel,,-,2,0.02704827803113697,344,12718,12470.865780783142,33.0
greedy,asced384,full_parallel,,-,2.5,0.005432036382011117,344,63328,12449.519927993937,33.0
greedy,asced384,full_parallel,,-,3,0.0007585955402685924,337,444242,12436.988341939754,33.0
greedy,asced384,full_parallel,,-,3.5,7.165789895924691e-05,230,3209695,12429.660219117393,33.0
greedy,asced384,full_parallel,,-,4,5.9322925594376684e-06,19,3202809,12424.94566894248,33.0
greedy,asced384,syndrome_sequential,8,2,1,0.20928792569659443,338,1615,5251.759133126935,644.3969040247678
greedy,asced384,syndrome_sequential,8,2,1.5,0.08851224105461393,329,3717,3625.468657519505,437.7971482378262
greedy,asced384,syndrome_sequential,8,2,2,0.028860759493670885,342,11850,2713.41223628692,321.4660759493671
greedy,asced384,syndrome_sequential,8,2,2.5,0.007781927145061383,348,44719,2303.5219705270692,268.77517386345846
greedy,asced384,syndrome_sequential,8,2,3,0.003090217703061536,334,108083,2182.8842186097722,252.7760054772721
greedy,asced384,syndrome_sequential,8,2,3.5,0.0021452887147536772,334,155690,2150.0373113237843,248.10753420258206
greedy,asced384,syndrome_sequential,8,2,4,0.0019035606420033096,329,172834,2144.1061423099623,246.92393279100176
greedy,asced384,syndrome_sequential,8,6,1,0.20269442743417024,331,1633,9907.199020208205,1236.0483772198409
greedy,asced384,syndrome_sequential,8,6,1.5,0.09383913291500286,329,3506,8970.20479178551,1117.4204221334855
greedy,asced384,syndrome_sequential,8,6,2,0.026266262989935358,321,12221,8329.63538171999,1036.029375664839
greedy,asced384,syndrome_sequential,8,6,2.5,0.0050860134629768135,340,66850,7917.698668661182,983.676933433059
greedy,asced384,syndrome_sequential,8,6,3,0.0006998642687478792,363,518672,7773.872962103217,965.2653468858932
greedy,asced384,syndrome_sequential,8,6,3.5,8.373817198320737e-05,268,3200452,7734.535329384725,960.1260959389487
greedy,asced384,syndrome_sequential,8,6,4,6.552450179537135e-06,21,3204908,7733.663919525927,959.8732568922416
greedy,asced48,fixed_sequential,8,2,1,0.3408624229979466,332,974,818.5872689938399,93.02566735112936
greedy,asced48,fixed_sequential,8,2,1.5,0.1539509536784741,339,2202,553.0395095367847,55.99500454132607
greedy,asced48,fixed_sequential,8,2,2,0.055753867074621793,328,5883,356.45792962774095,28.14125446200918
greedy,asced48,fixed_sequential,8,2,2.5,0.015102385288499979,340,22513,259.13214587127436,13.615555456847154
greedy,asced48,fixed_sequential,8,2,3,0.002636710470538364,311,117950,220.70800339126748,7.325849936413735
greedy,asced48,fixed_sequential,8,2,3.5,0.00032119818554339756,359,1117690,209.11766411079995,4.9785700865177285
greedy,asced48,fixed_sequential,8,2,4,2.6533694358062528e-05,85,3203474,206.02914523420512,4.024202475187874
greedy,asced48,fixed_sequential,8,6,1,0.3564356435643564,360,1010,1253.6722772277228,155.58415841584159
greedy,asced48,fixed_sequential,8,6,1.5,0.16945712836123794,334,1971,1102.6392694063927,135.92643328259766
greedy,asced48,fixed_sequential,8,6,2,0.05798101811906816,336,5795,972.2924935289042,118.75358067299396
greedy,asced48,fixed_sequential,8,6,2.5,0.014236053633504386,344,24164,901.3857391160404,109.3643436517133
greedy,asced48,fixed_sequential,8,6,3,0.0027770915503156175,326,117389,867.211902307712,104.82780328650895
greedy,asced48,fixed_sequential,8,6,3.5,0.00031266907653825345,319,1020248,854.3224206271416,103.11547584508864
greedy,asced48,fixed_sequential,8,6,4,1.904163750590759e-05,61,3203506,849.4081100519244,102.45393266002935
greedy,asced48,full_parallel,,-,1,0.3267233238904627,346,1059,1464.76298394712,33.0
greedy,asced48,full_parallel,,-,1.5,0.15391419725785052,348,2261,1409.9004865103936,33.0
greedy,asced48,full_parallel,,-,2,0.05979488962280549,344,5753,1365.0747436120284,33.0
greedy,asced48,full_parallel,,-,2.5,0.016713519039100434,327,19565,1330.6669051878355,33.0
greedy,asced48,full_parallel,,-,3,0.002577982123052742,351,136153,1310.302439167701,33.0
greedy,asced48,full_parallel,,-,3.5,0.0003217264335387433,338,1050582,1299.1649381009763,33.0
greedy,asced48,full_parallel,,-,4,2.155585810122256e-05,69,3200986,1292.4152392419087,33.0
greedy,asced48,syndrome_sequential,8,2,1,0.3360242179616549,333,991,856.4843592330978,98.2795156407669
greedy,asced48,syndrome_sequential,8,2,1.5,0.15421002838221382,326,2114,573.5983916745506,58.93519394512772
greedy,asced48,syndrome_sequential,8,2,2,0.05993745656706046,345,5756,412.3092425295344,35.93710910354413
greedy,asced48,syndrome_sequential,8,2,2.5,0.015363471260982673,313,20373,313.7318018946645,21.490551219751634
greedy,asced48,syndrome_sequential,8,2,3,0.002322499750651867,326,140366,277.9278244019207,15.718350597723095
greedy,asced48,syndrome_sequential,8,2,3.5,0.000358180566234071,348,971577,267.7239498259016,13.675401949613875
greedy,asced48,syndrome_sequential,8,2,4,2.430559991673774e-05,78,3209137,264.4635006233763,12.767342746663667
greedy,asced48,syndrome_sequential,8,6,1,0.3275154004106776,319,974,1192.6201232032854,147.64271047227925
greedy,asced48,syndrome_sequential,8,6,1.5,0.16148445336008024,322,1994,1044.091775325978,128.0320962888666
greedy,asced48,syndrome_sequential,8,6,2,0.05354355291913831,343,6406,906.1623477989385,109.64408367155791
greedy,asced48,syndrome_sequential,8,6,2.5,0.015428180841714677,316,20482,828.7437261986134,99.17703349282297
greedy,asced48,syndrome_sequential,8,6,3,0.0026790815459921866,347,129522,789.0094269699356,93.71621037352728
greedy,asced48,syndrome_sequential,8,6,3.5,0.0002818041785158812,339,1202963,774.9078068070256,91.71812017493473
greedy,asced48,syndrome_sequential,8,6,4,2.155580422831158e-05,69,3200994,769.18546926361,90.86440899295657
