variant,selector,members_per_group,target_num_converged,snr_db,fer,bit_errors,frame_errors,trials,average_ensemble_effort,average_ensemble_latency,average_number_converged_path,average_number_active_path,average_threshold
asced384,fixed_sequential,8,2,1,0.3510125361620058,8993,364,1037,6381.194792671166,787.6065573770492,1.3924783027965284,106.18225650916104,12.396198830409357
asced384,fixed_sequential,8,2,1.5,0.17009803921568628,8373,347,2040,4406.279411764706,537.1406862745098,1.7161764705882352,49.88970588235294,10.740367516301125
asced384,fixed_sequential,8,2,2,0.0781523642732049,8399,357,4568,3197.120621716287,383.49102451838877,1.888353765323993,22.46278458844133,9.377228428809127
asced384,fixed_sequential,8,2,2.5,0.0224418233981511,7706,352,15685,2415.2383806184253,283.6617150143449,1.987185208798215,7.227669748167038,7.901389160633927
asced384,fixed_sequential,8,2,3,0.006241307371349096,7387,359,57520,2117.275417246175,245.2114394993046,2.013612656467316,3.1402294853963837,6.7174091616128075
asced384,fixed_sequential,8,2,3.5,0.001686373804665798,5809,343,203395,2028.2871801175054,233.32399026524743,2.0215639519162223,2.144310332112392,5.804073037163143
asced384,fixed_sequential,8,2,4,0.0010428445403753634,4842,344,329867,2020.3377391494148,231.7998375102693,2.021690560134842,2.013945014202694,5.117565379787899
asced384,fixed_sequential,8,6,1,0.3389662027833002,8276,341,1006,10466.29324055666,1306.6640159045726,3.6292246520874754,105.53677932405567,10.725296442687746
asced384,fixed_sequential,8,6,1.5,0.19933554817275748,8652,360,1806,9630.36600221484,1200.921926910299,4.532115171650055,60.659468438538205,9.78476821192053
asced384,fixed_sequential,8,6,2,0.07038592281543692,8283,352,5001,8650.084983003399,1076.7620475904819,5.411717656468706,24.98360327934413,8.595518867924529
asced384,fixed_sequential,8,6,2.5,0.02038711243249803,7575,336,16481,8148.551786906134,1012.9484861355501,5.781020569140222,11.78466112493174,7.400815745176745
asced384,fixed_sequential,8,6,3,0.00433102093746459,7527,344,79427,7853.231382275549,975.2604152240422,5.951817392070707,7.061112719855968,6.3407512747585
asced384,fixed_sequential,8,6,3.5,0.000638098120598617,7043,331,518729,7773.428030821488,964.8718463783595,5.995560302200185,6.151011414437982,5.4240892294000425
asced384,fixed_sequential,8,6,4,6.183111922757318e-05,3743,198,3202271,7783.405955336072,965.8768155474662,6.00313246442915,6.011094001725651,4.693844234490296
asced384,full_parallel,all,-,1,0.3572984749455338,8261,328,918,12566.82788671024,33.0,4.874727668845316,,
asced384,full_parallel,all,-,1.5,0.1798829164449175,8089,338,1879,12528.111229377328,33.0,6.355508249068653,,
asced384,full_parallel,all,-,2,0.0691711389385808,8320,348,5031,12489.184853905785,33.0,7.584376863446631,,
asced384,full_parallel,all,-,2.5,0.023213564796124343,7919,345,14862,12460.456600726686,33.0,8.323576907549455,,
asced384,full_parallel,all,-,3,0.004763028897560162,7569,343,72013,12442.114146056962,33.0,8.667060114146057,,
asced384,full_parallel,all,-,3.5,0.0006443641780809771,6872,327,507477,12432.196140908849,33.0,8.731546454322068,,
asced384,full_parallel,all,-,4,5.9900583749907576e-05,3876,192,3205311,12426.85628664426,33.0,8.69855873579818,,
asced384,syndrome_sequential,8,2,1,0.37390350877192985,8439,341,912,6479.805921052632,800.391447368421,1.3903508771929824,105.38048245614036,12.927364864864865
asced384,syndrome_sequential,8,2,1.5,0.20533010296789825,8108,339,1651,4705.932162325863,575.0878255602665,1.6862507571168988,57.02301635372501,11.159820761762509
asced384,syndrome_sequential,8,2,2,0.08013851100667821,7370,324,4043,3298.4335889191193,395.99356913183277,1.8889438535740786,23.051941627504327,9.315676832530766
asced384,syndrome_sequential,8,2,2.5,0.024441340782122904,7041,315,12888,2553.516371818746,300.7290502793296,1.9815332091868405,7.627482929857232,7.722407231208373
asced384,syndrome_sequential,8,2,3,0.006927621233371584,6558,326,47058,2274.0106251859406,264.5462833099579,2.0099664244124273,3.1295210166177907,6.442205794376549
asced384,syndrome_sequential,8,2,3.5,0.00244608514171585,5240,327,133683,2179.044695286611,251.79515720024236,2.0165840084378717,2.149413163977469,5.400534475143911
asced384,syndrome_sequential,8,2,4,0.0014481138089946994,4375,318,219596,2175.457959161369,250.77436747481738,2.015888267545857,2.021826444926137,4.658617674384712
asced384,syndrome_sequential,8,6,1,0.36803364879074657,8594,350,951,10448.58359621451,1304.3322818086226,3.562565720294427,108.13459516298633,10.241525423728813
asced384,syndrome_sequential,8,6,1.5,0.1904484566103669,7706,327,1717,9626.021549213745,1200.3011065812464,4.557367501456028,57.10133954571928,9.450087565674256
asced384,syndrome_sequential,8,6,2,0.07807606263982103,8146,349,4470,8779.7870246085,1093.0098434004474,5.312527964205817,28.579642058165547,8.295945945945945
asced384,syndrome_sequential,8,6,2.5,0.020891534070205272,7846,344,16466,8132.368820600024,1010.9177092189967,5.798311672537349,11.636523745900643,7.399108642294277
asced384,syndrome_sequential,8,6,3,0.004698478990885233,7411,333,70874,7854.114625955922,975.4172898383046,5.961339842537461,7.175536868245055,6.323561938958707
asced384,syndrome_sequential,8,6,3.5,0.0005929624717172505,7421,342,576765,7780.377280174768,965.8648045564485,6.008828552356679,6.144681109290612,5.488954775128408
asced384,syndrome_sequential,8,6,4,6.519941975636007e-05,4199,209,3205550,7791.953835379264,967.0932370420053,6.017047932492084,6.016406544898691,4.779480423167463
asced48,fixed_sequential,4,6,1,0.4876632801161103,7940,336,689,1280.1436865021772,325.6502177068215,2.6966618287373003,25.198838896952104,10.743682310469314
asced48,fixed_sequential,4,6,1.5,0.2598116169544741,7341,331,1274,1117.5753532182105,288.0054945054945,3.967032967032967,15.984301412872842,9.636243386243386
asced48,fixed_sequential,4,6,2,0.1281109751121991,6774,314,2451,974.8041615667074,254.49326805385556,4.911464708282334,10.703794369645044,8.590329436769395
asced48,fixed_sequential,4,6,2.5,0.04719725013220518,7403,357,7564,858.860655737705,227.09175039661554,5.525647805393971,7.711924907456372,7.283175355450237
asced48,fixed_sequential,4,6,3,0.012966333030027298,7124,342,26376,787.6279951471034,210.41424021838034,5.8588110403397025,6.456778889899909,6.003418870593783
asced48,fixed_sequential,4,6,3.5,0.0021782127021471877,6754,337,154714,756.7741251599726,203.3525925255633,5.971806042116421,6.064480266814897,4.97690001303611
asced48,fixed_sequential,4,6,4,0.0002479737435996991,6428,327,1318688,746.1095300783809,201.08859942609624,5.996360776772065,6.006168252080856,4.166872854112699
asced48,fixed_sequential,8,2,1,0.4871060171919771,7815,340,698,,,,,
asced48,fixed_sequential,8,2,1.5,0.2994011976047904,7852,350,1169,,,,,
asced48,fixed_sequential,8,2,2,0.1259311812699539,7726,355,2819,,,,,
asced48,fixed_sequential,8,2,2.5,0.04741674660819515,7271,346,7297,,,,,
asced48,fixed_sequential,8,2,3,0.011815179270659538,7077,347,29369,,,,,
asced48,fixed_sequential,8,2,3.5,0.0022859747956625095,6906,351,153545,215.89963202969813,6.2293399329186885,2.0097560975609756,2.0883649744374613,5.104202603104908
asced48,fixed_sequential,8,2,4,0.0002828143442034442,6274,323,1142092,207.35841070596766,4.388967788934692,2.008716460670419,2.0112985643888583,4.196926788290542
asced48,fixed_sequential,8,6,1,0.514637904468413,7596,334,649,1341.151001540832,166.9075500770416,2.795069337442219,26.697996918335903,10.042553191489361
asced48,fixed_sequential,8,6,1.5,0.2835314091680815,7270,334,1178,1170.518675721562,144.73259762309,4.429541595925297,17.106960950764005,9.478932584269662
asced48,fixed_sequential,8,6,2,0.13557993730407525,7641,346,2552,1046.1210815047023,128.50705329153604,5.543495297805642,11.4173197492163,8.138406537282941
asced48,fixed_sequential,8,6,2.5,0.04931661265323376,7315,350,7097,947.1456953642385,115.47808933352121,6.344934479357475,8.179794279272933,6.915064607626851
asced48,fixed_sequential,8,6,3,0.01314491119255709,7739,373,28376,884.9164434733577,107.21067098956865,6.755709049901325,6.979102058077248,5.759232175502742
asced48,fixed_sequential,8,6,3.5,0.0022261559918463686,6644,332,149136,857.0122572685334,103.51839260808926,6.914903175624933,6.6806002574831025,4.836465605888402
asced48,fixed_sequential,8,6,4,0.0002462766282009529,6639,335,1360259,846.5553016006511,102.1155324096367,6.9592445262262554,6.702770575309555,4.088025379604434
asced48,full_parallel,all,-,1,0.49676190476190474,30069,1304,2625,1494.9558095238094,33.0,4.018666666666666,,
asced48,full_parallel,all,-,1.5,0.2973816958923853,27486,1238,4163,1448.0336295940428,33.0,5.868604371847225,,
asced48,full_parallel,all,-,2,0.14657898065005692,24915,1159,7907,1394.7189831794612,33.0,7.713292019729353,,
asced48,full_parallel,all,-,2.5,0.04609109449354181,7012,339,7355,1348.2025832766826,33.0,9.108361658735554,,
asced48,full_parallel,all,-,3,0.011373001483434977,7023,345,30335,1320.077797923191,33.0,9.735816713367397,,
asced48,full_parallel,all,-,3.5,0.0021894813666012863,6699,336,153461,1303.4094330155544,33.0,9.96636930555646,,
asced48,full_parallel,all,-,4,0.0002605099482236478,6935,352,1351196,1293.7406741879047,33.0,10.030356069733777,,
asced48,random_sequential,4,6,1,0.5197568389057751,7680,342,658,1306.759878419453,332.59118541033433,2.615501519756839,26.262917933130698,11.593360995850622
asced48,random_sequential,4,6,1.5,0.27882960413080893,7240,324,1162,1134.433734939759,292.88726333907056,4.062822719449225,16.647160068846816,9.444279346210996
asced48,random_sequential,4,6,2,0.14516129032258066,7652,351,2418,966.7626137303556,253.535153019024,5.115384615384615,11.53763440860215,8.330662393162394
asced48,random_sequential,4,6,2.5,0.04487265867133809,7050,333,7421,859.349952836545,228.87777927503032,5.829807303597898,7.749090419080987,7.168074834037417
asced48,random_sequential,4,6,3,0.012982576016399043,6982,342,26343,791.4817978210531,213.16213035721066,6.149109820445659,6.621303572106442,5.891670603054637
asced48,random_sequential,4,6,3.5,0.002197403435206838,6393,327,148812,758.5940649947585,205.76751202859984,6.279688465983926,6.262700588662205,4.834200824116244
asced48,random_sequential,4,6,4,0.00025476774406091,6798,348,1365950,747.235906877997,203.43475603060142,6.308588894176214,6.22908598411362,4.053575172992241
asced48,syndrome_sequential,1,6,1,0.4955357142857143,7588,333,672,1262.7232142857142,1262.7232142857142,2.6636904761904763,25.449404761904763,10.18918918918919
asced48,syndrome_sequential,1,6,1.5,0.2963636363636364,7347,326,1100,1089.2245454545455,1089.2245454545455,3.8372727272727274,17.67,9.389671361502348
asced48,syndrome_sequential,1,6,2,0.14451114922813035,7264,337,2332,931.0343053173242,931.0343053173242,4.821612349914237,11.408233276157805,8.378132118451026
asced48,syndrome_sequential,1,6,2.5,0.049268668206312545,6701,320,6495,786.1271747498075,786.1271747498075,5.552270977675135,7.761970746728252,7.047040711597673
asced48,syndrome_sequential,1,6,3,0.012908607062001034,6754,325,25177,713.5827541009652,713.5827541009652,5.859196886046789,6.438773483735155,5.855948950185262
asced48,syndrome_sequential,1,6,3.5,0.0022089174326445026,6808,335,151658,679.08202666526,679.08202666526,5.9689366864919755,6.067685186406256,4.846575451806228
asced48,syndrome_sequential,1,6,4,0.00026852997526147503,6443,334,1243809,666.7002441693218,666.7002441693218,5.995177716192759,6.00698660324857,4.048951246024397
asced48,syndrome_sequential,16,6,1,0.4790502793296089,7756,343,716,1343.6508379888269,79.49301675977654,3.078212290502793,24.85195530726257,10.812274368231048
asced48,syndrome_sequential,16,6,1.5,0.2790102389078498,7250,327,1172,1198.0145051194538,67.4419795221843,4.573378839590443,17.02645051194539,9.839716312056737
asced48,syndrome_sequential,16,6,2,0.14023086789226166,7004,328,2339,1066.4878153056861,56.31551945275759,5.663103890551517,11.681915348439505,8.379578246392898
asced48,syndrome_sequential,16,6,2.5,0.049407730673316705,6582,317,6416,970.0596945137157,48.0515897755611,6.4638403990024935,8.296602244389028,7.234046283309958
asced48,syndrome_sequential,16,6,3,0.013886044320648834,6875,339,24413,902.910252734199,41.97198214066276,6.879981976815631,7.127227296931962,5.934560761969555
asced48,syndrome_sequential,16,6,3.5,0.0021014073645652595,6339,327,155610,871.2174281858493,38.91890623995887,7.0410127883812095,6.824921277552857,4.868184262180388
asced48,syndrome_sequential,16,6,4,0.00025830613291479156,6512,341,1320139,859.6367996097381,37.62534551285887,7.067861035845468,6.853035172811348,4.0722878221783905
asced48,syndrome_sequential,2,6,1,0.47752808988764045,7904,340,712,1275.5969101123596,656.7036516853933,2.7275280898876404,24.90449438202247,10.597069597069597
asced48,syndrome_sequential,2,6,1.5,0.30303030303030304,7591,340,1122,1082.8591800356505,569.5508021390374,3.8672014260249554,17.799465240641712,9.129909365558913
asced48,syndrome_sequential,2,6,2,0.12689044632976762,7590,344,2711,930.5337513832534,502.6481003319808,4.959424566580598,10.621541866469938,8.311663479923519
asced48,syndrome_sequential,2,6,2.5,0.049523511951257614,6560,317,6401,801.7303546320887,445.4789876581784,5.567255116388065,7.821902827683174,6.9648662821185106
asced48,syndrome_sequential,2,6,3,0.011927847499176759,6713,326,27331,728.151512934031,413.23361750393326,5.898064468918078,6.419267498444989,5.879939324990519
asced48,syndrome_sequential,2,6,3.5,0.002093255874033691,6344,316,150961,694.3382727989348,399.107968283199,6.006750087771014,6.08798298898391,4.840895426670408
asced48,syndrome_sequential,2,6,4,0.0002605324404543262,6642,344,1320373,682.2668367196239,394.76383718843084,6.032406751728489,6.0321696975021455,4.051589444559057
asced48,syndrome_sequential,24,6,1,0.49712643678160917,7995,346,696,1416.7068965517242,53.97701149425287,3.3807471264367814,25.56896551724138,10.925490196078432
asced48,syndrome_sequential,24,6,1.5,0.28032786885245903,7556,342,1220,1313.2975409836065,46.31885245901639,5.172131147540983,17.138524590163936,9.59018759018759
asced48,syndrome_sequential,24,6,2,0.138442521631644,7309,336,2427,1211.0914709517924,38.526163988463125,6.670786979810465,11.856201071281417,8.458581483486736
asced48,syndrome_sequential,24,6,2.5,0.04691358024691358,7085,342,7290,1121.2842249657065,31.737997256515776,7.741700960219479,8.470919067215364,7.062776844356193
asced48,syndrome_sequential,24,6,3,0.011562901489635057,6791,333,28799,1071.9549984374457,27.767040522240354,8.261953540053474,7.455571374006042,5.838658606793322
asced48,syndrome_sequential,24,6,3.5,0.001986684483757672,6568,336,169126,1045.1730484963873,25.490646027222308,8.45681326348403,7.378924588768137,4.799014144111388
asced48,syndrome_sequential,24,6,4,0.00023205428117619229,6177,309,1331585,1035.0505270035335,24.442410360585317,8.509321597945306,7.532044893867083,4.010613790255801
asced48,syndrome_sequential,4,6,1,0.4893917963224894,7973,346,707,1289.1909476661951,328.1739745403112,2.6874115983026874,25.33097595473833,10.780669144981413
asced48,syndrome_sequential,4,6,1.5,0.2909698996655518,7939,348,1196,1116.8954849498327,287.91220735785953,3.9297658862876252,17.287625418060202,9.492795389048991
asced48,syndrome_sequential,4,6,2,0.14080944350758853,7284,334,2372,953.7474704890387,249.56913996627318,4.970489038785835,11.227655986509275,8.299778761061948
asced48,syndrome_sequential,4,6,2.5,0.04847478103292057,6898,321,6622,829.5268800966476,220.39595288432497,5.667774086378738,7.8298097251585626,7.0580884836203985
asced48,syndrome_sequential,4,6,3,0.012668759217940476,6823,335,26443,757.8325076579813,203.76167605793594,6.001247967325947,6.494951404908671,5.8947409702341265
asced48,syndrome_sequential,4,6,3.5,0.002017515969592739,6948,349,172985,723.7477758187126,195.9815128479348,6.113663034367142,6.1523080035841256,4.8267382422027545
asced48,syndrome_sequential,4,6,4,0.00023342420602328088,6793,349,1495132,711.5446629461479,193.38809549926026,6.13866735512316,6.106824012863078,4.046366665193051
asced48,syndrome_sequential,8,2,1,0.4524714828897338,8270,357,789,1001.6793409378961,118.20152091254752,1.226869455006337,21.96958174904943,12.974811083123425
asced48,syndrome_sequential,8,2,1.5,0.2929553264604811,7509,341,1164,784.5249140893471,87.99398625429554,1.6701030927835052,14.762027491408935,11.465736040609137
asced48,syndrome_sequential,8,2,2,0.13821815154038303,7089,332,2402,541.7539550374688,53.98875936719401,2.003330557868443,8.087010824313072,9.327327327327327
asced48,syndrome_sequential,8,2,2.5,0.05088589652728561,7580,359,7055,386.7160878809355,31.92133238837704,2.25173635719348,4.4408221119773215,7.781401699029126
asced48,syndrome_sequential,8,2,3,0.012598777396749665,6981,338,26828,304.3408752050097,19.71522290144625,2.3717012076934547,2.750223646936037,6.256246919197665
asced48,syndrome_sequential,8,2,3.5,0.0023941189862448317,6506,326,136167,274.37885831368834,14.84208361791036,2.408806832786211,2.360300219583306,4.995365663174336
asced48,syndrome_sequential,8,2,4,0.00028092748506246604,6155,331,1178240,265.76145861624116,13.083148594513851,2.4134836705594784,2.3063662751222163,4.122388158548296
asced48,syndrome_sequential,8,6,1,0.5049645390070922,8118,356,705,1329.6,165.46099290780143,2.7191489361702126,25.790070921985816,10.625
asced48,syndrome_sequential,8,6,1.5,0.28130360205831906,7389,328,1166,1151.0857632933105,141.95969125214407,4.117495711835335,17.265866209262434,9.227678571428571
asced48,syndrome_sequential,8,6,2,0.1426167437946992,7280,339,2377,1004.2911232646193,122.57846024400504,5.2532604122843924,11.415649978965082,8.156146179401993
asced48,syndrome_sequential,8,6,2.5,0.048740740740740744,6924,329,6750,883.548,106.52325925925926,6.020888888888889,7.951555555555555,7.0897202449925505
asced48,syndrome_sequential,8,6,3,0.01266624445851805,6928,340,26843,813.7003315575755,97.07420929106284,6.379391275192788,6.718585851059867,5.830112845880352
asced48,syndrome_sequential,8,6,3.5,0.0023567996338952025,6192,309,131110,782.7151552131797,92.7971550606361,6.512935702844939,6.418267103958508,4.833312821143965
asced48,syndrome_sequential,8,6,4,0.00024396305096251758,6413,322,1319872,770.5730866326431,91.07179787130873,6.542768541191873,6.3953769759491825,4.038953539985841
