variant,scheduling_config,max_iterations,snr_db,fer,frame_errors,trials,average_ensemble_effort,average_ensemble_latency
asced384,flooding,16,1,0.33169774288518156,338,1019,6492.547595682041,17.0
asced384,flooding,16,1.5,0.14315878378378377,339,2368,6473.065878378378,17.0
asced384,flooding,16,2,0.04689972665803482,326,6951,6455.156668105308,17.0
asced384,flooding,16,2.5,0.011998567335243553,335,27920,6441.474534383954,17.0
asced384,flooding,16,3,0.002016658824104573,330,163637,6431.718712760561,17.0
asced384,flooding,16,3.5,0.00021431816254389085,326,1521103,6425.077337958048,17.0
asced384,flooding,16,4,1.8424539488003907e-05,59,3202251,6420.5283464662825,17.0
asced384,flooding,32,1,0.2365747460087083,326,1378,12548.450653120464,33.0
asced384,flooding,32,1.5,0.10135933806146571,343,3384,12507.158392434989,33.0
asced384,flooding,32,2,0.03251221701406203,326,10027,12475.40291213723,33.0
asced384,flooding,32,2.5,0.00637166757876632,326,51164,12451.937201938863,33.0
asced384,flooding,32,3,0.0010374210390218074,337,324844,12438.753891098497,33.0
asced384,flooding,32,3.5,8.769961415290755e-05,281,3204119,12431.644223263867,33.0
asced384,flooding,32,4,8.748340549152083e-06,28,3200607,12427.605764156611,33.0
asced384,row_layered_appended_first,16,1,0.23235685752330226,349,1502,6466.482689747004,17.0
asced384,row_layered_appended_first,16,1.5,0.0946761800219539,345,3644,6444.173435784852,17.0
asced384,row_layered_appended_first,16,2,0.02336315864223832,329,14082,6426.567533020878,17.0
asced384,row_layered_appended_first,16,2.5,0.00531949087168938,331,62224,6415.7483446901515,17.0
asced384,row_layered_appended_first,16,3,0.0007401524849101131,329,444503,6409.182977392728,17.0
asced384,row_layered_appended_first,16,3.5,7.030287729367043e-05,225,3200438,6405.550139699629,17.0
asced384,row_layered_appended_first,16,4,5.620364955275946e-06,18,3202639,6403.527345417326,17.0
asced384,row_layered_appended_first,32,1,0.18954918032786885,370,1952,12506.913422131147,33.0
asced384,row_layered_appended_first,32,1.5,0.07455168245013097,370,4963,12465.626032641547,33.0
asced384,row_layered_appended_first,32,2,0.02014299036369288,324,16085,12434.883493938452,33.0
asced384,row_layered_appended_first,32,2.5,0.003904963537991061,332,85020,12416.621171489061,33.0
asced384,row_layered_appended_first,32,3,0.0005465265383498487,335,612962,12408.255550915064,33.0
asced384,row_layered_appended_first,32,3.5,4.997925860767781e-05,160,3201328,12404.906453821664,33.0
asced384,row_layered_appended_first,32,4,3.7478192376810744e-06,12,3201862,12403.89506043671,33.0
asced384,row_layered_natural,16,1,0.22485946283572766,360,1601,6465.11118051218,17.0
asced384,row_layered_natural,16,1.5,0.08531176624054265,327,3833,6443.299504304722,17.0
asced384,row_layered_natural,16,2,0.02434696195343555,343,14088,6427.862578080636,17.0
asced384,row_layered_natural,16,2.5,0.005318010438447734,323,60737,6416.734148871364,17.0
asced384,row_layered_natural,16,3,0.0007473237288394849,342,457633,6410.115256111339,17.0
asced384,row_layered_natural,16,3.5,6.276144748506137e-05,201,3202603,6406.346274265027,17.0
asced384,row_layered_natural,16,4,8.426792706517281e-06,27,3204066,6404.188689309147,17.0
asced384,row_layered_natural,32,1,0.19128996692392503,347,1814,12510.70617420066,33.0
asced384,row_layered_natural,32,1.5,0.07453693372015176,334,4481,12465.692033028341,33.0
asced384,row_layered_natural,32,2,0.020748925721301412,338,16290,12435.591712707183,33.0
asced384,row_layered_natural,32,2.5,0.003907080884410859,349,89325,12417.473316540721,33.0
asced384,row_layered_natural,32,3,0.0005531324992828174,322,582139,12409.246344945108,33.0
asced384,row_layered_natural,32,3.5,4.655285483038983e-05,149,3200663,12405.752303507117,33.0
asced384,row_layered_natural,32,4,3.122301160934018e-06,10,3202766,12404.599253894914,33.0
asced48,flooding,16,1,0.43023255813953487,333,774,779.8888888888889,17.0
asced48,flooding,16,1.5,0.2617342879872713,329,1257,759.3914081145584,17.0
asced48,flooding,16,2,0.09695074276778734,372,3837,735.6301798279907,17.0
asced48,flooding,16,2.5,0.03216823506817745,335,10414,716.3061263683503,17.0
asced48,flooding,16,3,0.007353748216441664,335,45555,701.3468774009439,17.0
asced48,flooding,16,3.5,0.0012155006997244383,337,277252,691.7005756495895,17.0
asced48,flooding,16,4,0.00012236240530154297,335,2737769,684.9499373394907,17.0
asced48,flooding,32,1,0.39476961394769616,317,803,1476.1407222914072,33.0
asced48,flooding,32,1.5,0.18418201516793067,340,1846,1413.262730227519,33.0
asced48,flooding,32,2,0.07054530711534564,348,4933,1365.2272450841274,33.0
asced48,flooding,32,2.5,0.01920149865355345,328,17082,1332.6276197166608,33.0
asced48,flooding,32,3,0.003915509900814945,332,84791,1311.5485605783633,33.0
asced48,flooding,32,3.5,0.0005214681831757896,323,619405,1299.7191918050387,33.0
asced48,flooding,32,4,4.366339638223811e-05,140,3206347,1292.723866755532,33.0
asced48,row_layered_appended_first,16,1,0.33787731256085685,347,1027,758.0155793573515,17.0
asced48,row_layered_appended_first,16,1.5,0.15853069115514742,328,2069,729.324311261479,17.0
asced48,row_layered_appended_first,16,2,0.054514480408858604,320,5870,706.644804088586,17.0
asced48,row_layered_appended_first,16,2.5,0.015735605753189955,349,22179,689.3272464944316,17.0
asced48,row_layered_appended_first,16,3,0.002556888947499524,349,136494,678.9029334622767,17.0
asced48,row_layered_appended_first,16,3.5,0.00031969725972345685,319,997819,672.9075643979519,17.0
asced48,row_layered_appended_first,16,4,2.588514728960677e-05,83,3206472,669.3517913145663,17.0
asced48,row_layered_appended_first,32,1,0.2810675562969141,337,1199,1430.5871559633028,33.0
asced48,row_layered_appended_first,32,1.5,0.15072083879423329,345,2289,1375.5369156837046,33.0
asced48,row_layered_appended_first,32,2,0.0488521836506159,349,7144,1331.6107222844346,33.0
asced48,row_layered_appended_first,32,2.5,0.011542351013006939,331,28677,1302.4048540642327,33.0
asced48,row_layered_appended_first,32,3,0.0017671576582842599,343,194097,1287.2631725374426,33.0
asced48,row_layered_appended_first,32,3.5,0.0001914893008925688,335,1749445,1280.4363355235519,33.0
asced48,row_layered_appended_first,32,4,1.120116989996733e-05,36,3213950,1276.8453983416046,33.0
asced48,row_layered_natural,16,1,0.3424242424242424,339,990,758.7656565656565,17.0
asced48,row_layered_natural,16,1.5,0.15857011915673694,346,2182,729.9853345554537,17.0
asced48,row_layered_natural,16,2,0.05660057617352991,334,5901,706.6036265039824,17.0
asced48,row_layered_natural,16,2.5,0.01547844568682715,335,21643,690.0833525851315,17.0
asced48,row_layered_natural,16,3,0.0027520759193357057,348,126450,679.5032265717675,17.0
asced48,row_layered_natural,16,3.5,0.00029578953576467494,326,1102135,673.3437528070517,17.0
asced48,row_layered_natural,16,4,2.95422628502624e-05,95,3215732,669.7149737602512,17.0
asced48,row_layered_natural,32,1,0.2796474358974359,349,1248,1428.0625,33.0
asced48,row_layered_natural,32,1.5,0.1360031720856463,343,2522,1375.0923869944488,33.0
asced48,row_layered_natural,32,2,0.046955552459244806,337,7177,1331.5811620454228,33.0
asced48,row_layered_natural,32,2.5,0.012092686459087617,334,27620,1302.380811006517,33.0
asced48,row_layered_natural,32,3,0.001762286079437666,353,200308,1287.8716526549115,33.0
asced48,row_layered_natural,32,3.5,0.000191855517705408,356,1855563,1280.8936231213922,33.0
asced48,row_layered_natural,32,4,1.0264465509063056e-05,33,3214975,1277.2139811351565,33.0
nmsa,flooding,16,1,0.6394686907020873,337,527,,
nmsa,flooding,16,1.5,0.4136986301369863,302,730,,
nmsa,flooding,16,2,0.260596546310832,332,1274,,
nmsa,flooding,16,2.5,0.10331890331890332,358,3465,,
nmsa,flooding,16,3,0.033401900284063084,341,10209,,
nmsa,flooding,16,3.5,0.00844756549454536,326,38591,,
nmsa,flooding,16,4,0.0014735549513200596,336,228020,,
nmsa,flooding,32,1,0.5524126455906821,332,601,,
nmsa,flooding,32,1.5,0.3530031612223393,335,949,,
nmsa,flooding,32,2,0.17418351477449456,336,1929,,
nmsa,flooding,32,2.5,0.06824512534818941,343,5026,,
nmsa,flooding,32,3,0.02083932991767889,362,17371,,
nmsa,flooding,32,3.5,0.005059242567420222,348,68785,,
nmsa,flooding,32,4,0.0007227265247305897,325,449686,,
nmsa,row_layered_appended_first,16,1,0.56,350,625,,
nmsa,row_layered_appended_first,16,1.5,0.33962264150943394,324,954,,
nmsa,row_layered_appended_first,16,2,0.15234001910219674,319,2094,,
nmsa,row_layered_appended_first,16,2.5,0.06261788004526593,332,5302,,
nmsa,row_layered_appended_first,16,3,0.017928657911893454,385,21474,,
nmsa,row_layered_appended_first,16,3.5,0.004185609231522145,325,77647,,
nmsa,row_layered_appended_first,16,4,0.0007434927176724088,324,435781,,
nmsa,row_layered_appended_first,32,1,0.5159744408945687,323,626,,
nmsa,row_layered_appended_first,32,1.5,0.29089301503094606,329,1131,,
nmsa,row_layered_appended_first,32,2,0.14265734265734265,306,2145,,
nmsa,row_layered_appended_first,32,2.5,0.05007072135785007,354,7070,,
nmsa,row_layered_appended_first,32,3,0.013061003023021472,337,25802,,
nmsa,row_layered_appended_first,32,3.5,0.0027685184448563633,348,125699,,
nmsa,row_layered_appended_first,32,4,0.00046059009088620745,344,746868,,
nmsa,row_layered_natural,16,1,0.55,253,460,,
nmsa,row_layered_natural,16,1.5,0.3546325878594249,333,939,,
nmsa,row_layered_natural,16,2,0.16957210776545167,321,1893,,
nmsa,row_layered_natural,16,2.5,0.06856561546286877,337,4915,,
nmsa,row_layered_natural,16,3,0.018927264409881062,331,17488,,
nmsa,row_layered_natural,16,3.5,0.003967028529348885,334,84194,,
nmsa,row_layered_natural,16,4,0.0007320821784295955,332,453501,,
nmsa,row_layered_natural,32,1,0.509771986970684,313,614,,
nmsa,row_layered_natural,32,1.5,0.28936170212765955,340,1175,,
nmsa,row_layered_natural,32,2,0.14508233199821985,326,2247,,
nmsa,row_layered_natural,32,2.5,0.05197568389057751,342,6580,,
nmsa,row_layered_natural,32,3,0.01289357458327397,362,28076,,
nmsa,row_layered_natural,32,3.5,0.002866675304483027,354,123488,,
nmsa,row_layered_natural,32,4,0.00043747234279677204,347,793193,,
